{
   "Genomic_distances": [
      160.8633166083,
      123.174674598,
      193.8816081677,
      231.8960885815,
      147.1781036593,
      288.8479866872,
      303.2314247866,
      251.6481022822,
      369.2912820771,
      454.3118312312,
      431.1928206938,
      502.2954151821,
      526.3919409302,
      700.5913579122,
      503.6685913114,
      555.4846555326,
      692.4609139379,
      659.5589932369,
      824.5573543473,
      857.8316617953,
      844.1464488463,
      651.3587267476,
      736.4956467601,
      812.2918658709,
      1070.813606857,
      1095.073051806,
      1029.199387889,
      983.1708343597,
      1278.939008094,
      1279.846700789,
      1486.831667614,
      1389.289614095,
      1422.866485775,
      1499.500575066,
      1353.602550849,
      1707.765621333,
      2089.322391887,
      2230.038033876,
      3085.775020219,
      2894.36047425,
      2532.462620711,
      3622.454145033,
      3816.242656514],

   "r_squared": [
      0.1717052015834,
      0.1883850246221,
      0.1715015525812,
      0.2699512987958,
      0.3362632929462,
      0.3929552961347,
      0.4751034246004,
      0.5823294730534,
      0.4829196672569,
      0.5235137016988,
      0.6881299784908,
      0.811046697686,
      0.9918191286538,
      0.8756131289602,
      1.296235596682,
      1.271244954838,
      1.336189591403,
      1.377510943709,
      1.343598536055,
      1.433853834323,
      1.598411925686,
      1.813416784169,
      1.895128521916,
      2.009792607735,
      1.687474422655,
      1.92581163825,
      1.983783720881,
      2.387028140413,
      1.891782859736,
      2.212500945513,
      2.013855890208,
      2.548996980176,
      2.746158307037,
      3.15686985665,
      3.272901300056,
      3.410519537697,
      3.227245133274,
      2.946771969363,
      3.640507144201,
      4.34070090168,
      4.803459317718,
      3.267131244994,
      3.405738634931],

   "r": [
      0.0,
      0.1994906621392,
      0.4032258064516,
      0.6027164685908,
      0.8022071307301,
      1.001697792869,
      1.205432937182,
      1.400679117148,
      1.60441426146,
      1.803904923599,
      2.003395585739,
      2.202886247878,
      2.402376910017],

   "P(r)": [
      0.0,
      0.0,
      0.03042521994135,
      0.08578870196018,
      0.2593340021608,
      0.2593944538766,
      0.1935471008901,
      0.1080002057931,
      0.03381951947317,
      0.02024360755261,
      0.002122241086587,
      0.006728147347842,
      0.002243144518187],

   "P(r)_error_bars": [
      0.003787878787879,
      0.003849616710398,
      0.009090909090909996,
      0.012119925914490001,
      0.020454545454600015,
      0.020454545454600015,
      0.018938107732600018,
      0.01439393939389999,
      0.008332047126609995,
      0.00605803364716,
      0.004544168338736,
      0.004544168338737999,
      0.0045428821320159995]
}